{
	"name": "pi0ii0 40",
	"matrix": {
		"rows": 4,
		"cols": 12
	},
	"layouts": {
		"labels": [
			[
				"Left Shift Orientation",
				"1.25-1",
				"1-1.25"
			],
			[
				"Bottom Row",
				"Split Space",
				"7u"
			]
		],
		"keymap": [
			[
				"0,0",
				"0,1",
				"0,2",
				"0,3",
				"0,4",
				"0,5",
				"0,6",
				"0,7",
				"0,8",
				"0,9",
				"0,10",
				"0,11"
			],
			[
				{
					"w": 1.25
				},
				"1,0",
				"1,1",
				"1,2",
				"1,3",
				"1,4",
				"1,5",
				"1,6",
				"1,7",
				"1,8",
				"1,9",
				{
					"w": 1.75
				},
				"1,10"
			],
			[
				{
					"w": 1.75
				},
				"2,0",
				"2,1",
				"2,2",
				"2,3",
				"2,4",
				"2,5",
				"2,6",
				"2,7",
				"2,8",
				{
					"w": 1.25
				},
				"2,9\n\n\n0,0",
				"2,10\n\n\n0,0",
				{
					"x": 0.25
				},
				"2,9\n\n\n0,1",
				{
					"w": 1.25
				},
				"2,10\n\n\n0,1"
			],
			[
				{
					"x": 1.25
				},
				"3,3\n\n\n1,0",
				{
					"w": 1.25
				},
				"3,4\n\n\n1,0",
				{
					"w": 2.75
				},
				"3,5\n\n\n1,0",
				{
					"w": 2.25
				},
				"3,6\n\n\n1,0",
				{
					"w": 1.25
				},
				"3,7\n\n\n1,0",
				"3,8\n\n\n1,0"
			],
			[
				{
					"y": 0.25,
					"x": 1.25,
					"w": 1.25
				},
				"3,3\n\n\n1,1",
				{
					"w": 7
				},
				"3,5\n\n\n1,1",
				{
					"w": 1.25
				},
				"3,8\n\n\n1,1"
			]
		]
	}
}